{
    "Name": "VFR20_10_1_SIST",
    "nMachines": 10,
    "nJobs": 20,
    "Jobs": [
        {
            "Id": 1,
            "SetupTimes": [
                18,
                5,
                12,
                28,
                0,
                12,
                1,
                31,
                26,
                35
            ],
            "ProcessingTimes": [
                72,
                15,
                68,
                96,
                3,
                54,
                3,
                80,
                73,
                80
            ],
            "DueDate": 786,
            "TardCosts": 180
        },
        {
            "Id": 2,
            "SetupTimes": [
                17,
                8,
                18,
                1,
                8,
                9,
                15,
                6,
                2,
                22
            ],
            "ProcessingTimes": [
                70,
                39,
                39,
                6,
                63,
                37,
                63,
                40,
                10,
                76
            ],
            "DueDate": 665,
            "TardCosts": 140
        },
        {
            "Id": 3,
            "SetupTimes": [
                3,
                12,
                17,
                25,
                28,
                8,
                0,
                5,
                0,
                15
            ],
            "ProcessingTimes": [
                38,
                36,
                93,
                66,
                80,
                77,
                3,
                51,
                1,
                43
            ],
            "DueDate": 676,
            "TardCosts": 160
        },
        {
            "Id": 4,
            "SetupTimes": [
                12,
                21,
                13,
                31,
                24,
                45,
                12,
                43,
                14,
                1
            ],
            "ProcessingTimes": [
                29,
                75,
                75,
                84,
                62,
                98,
                77,
                98,
                31,
                2
            ],
            "DueDate": 1172,
            "TardCosts": 50
        },
        {
            "Id": 5,
            "SetupTimes": [
                18,
                35,
                1,
                17,
                28,
                6,
                27,
                6,
                24,
                2
            ],
            "ProcessingTimes": [
                42,
                84,
                6,
                42,
                81,
                22,
                58,
                39,
                65,
                4
            ],
            "DueDate": 543,
            "TardCosts": 80
        },
        {
            "Id": 6,
            "SetupTimes": [
                7,
                0,
                11,
                2,
                2,
                31,
                2,
                3,
                0,
                8
            ],
            "ProcessingTimes": [
                36,
                8,
                35,
                10,
                12,
                75,
                16,
                9,
                1,
                36
            ],
            "DueDate": 353,
            "TardCosts": 150
        },
        {
            "Id": 7,
            "SetupTimes": [
                16,
                9,
                30,
                7,
                24,
                11,
                17,
                2,
                3,
                12
            ],
            "ProcessingTimes": [
                48,
                22,
                63,
                38,
                58,
                91,
                39,
                6,
                24,
                24
            ],
            "DueDate": 543,
            "TardCosts": 160
        },
        {
            "Id": 8,
            "SetupTimes": [
                13,
                18,
                4,
                5,
                0,
                9,
                0,
                11,
                9,
                6
            ],
            "ProcessingTimes": [
                67,
                43,
                11,
                17,
                6,
                62,
                1,
                83,
                48,
                50
            ],
            "DueDate": 624,
            "TardCosts": 130
        },
        {
            "Id": 9,
            "SetupTimes": [
                5,
                2,
                26,
                7,
                9,
                3,
                39,
                8,
                29,
                25
            ],
            "ProcessingTimes": [
                17,
                24,
                83,
                50,
                23,
                26,
                79,
                27,
                60,
                80
            ],
            "DueDate": 708,
            "TardCosts": 100
        },
        {
            "Id": 10,
            "SetupTimes": [
                25,
                18,
                16,
                5,
                5,
                3,
                0,
                1,
                2,
                7
            ],
            "ProcessingTimes": [
                62,
                52,
                40,
                46,
                29,
                15,
                7,
                2,
                16,
                42
            ],
            "DueDate": 526,
            "TardCosts": 50
        },
        {
            "Id": 11,
            "SetupTimes": [
                22,
                33,
                2,
                2,
                28,
                1,
                6,
                4,
                3,
                27
            ],
            "ProcessingTimes": [
                44,
                73,
                4,
                6,
                81,
                17,
                48,
                30,
                33,
                96
            ],
            "DueDate": 561,
            "TardCosts": 90
        },
        {
            "Id": 12,
            "SetupTimes": [
                22,
                9,
                35,
                20,
                11,
                12,
                3,
                12,
                36,
                2
            ],
            "ProcessingTimes": [
                54,
                24,
                70,
                97,
                28,
                26,
                6,
                44,
                85,
                11
            ],
            "DueDate": 757,
            "TardCosts": 190
        },
        {
            "Id": 13,
            "SetupTimes": [
                27,
                9,
                0,
                3,
                28,
                5,
                7,
                10,
                31,
                24
            ],
            "ProcessingTimes": [
                55,
                37,
                1,
                7,
                88,
                15,
                22,
                21,
                89,
                94
            ],
            "DueDate": 752,
            "TardCosts": 130
        },
        {
            "Id": 14,
            "SetupTimes": [
                40,
                11,
                19,
                29,
                30,
                5,
                20,
                35,
                11,
                26
            ],
            "ProcessingTimes": [
                80,
                80,
                95,
                76,
                78,
                19,
                86,
                86,
                32,
                74
            ],
            "DueDate": 1195,
            "TardCosts": 180
        },
        {
            "Id": 15,
            "SetupTimes": [
                6,
                3,
                43,
                39,
                27,
                16,
                1,
                1,
                20,
                2
            ],
            "ProcessingTimes": [
                19,
                10,
                96,
                89,
                59,
                37,
                19,
                12,
                46,
                14
            ],
            "DueDate": 677,
            "TardCosts": 160
        },
        {
            "Id": 16,
            "SetupTimes": [
                30,
                23,
                7,
                8,
                7,
                2,
                6,
                28,
                7,
                23
            ],
            "ProcessingTimes": [
                66,
                46,
                76,
                88,
                49,
                4,
                15,
                69,
                32,
                50
            ],
            "DueDate": 750,
            "TardCosts": 60
        },
        {
            "Id": 17,
            "SetupTimes": [
                20,
                7,
                11,
                14,
                28,
                24,
                34,
                16,
                11,
                21
            ],
            "ProcessingTimes": [
                56,
                65,
                91,
                48,
                96,
                52,
                76,
                39,
                90,
                90
            ],
            "DueDate": 747,
            "TardCosts": 100
        },
        {
            "Id": 18,
            "SetupTimes": [
                37,
                5,
                2,
                3,
                35,
                6,
                1,
                25,
                21,
                10
            ],
            "ProcessingTimes": [
                74,
                30,
                9,
                6,
                87,
                53,
                3,
                67,
                71,
                33
            ],
            "DueDate": 527,
            "TardCosts": 150
        },
        {
            "Id": 19,
            "SetupTimes": [
                15,
                17,
                0,
                9,
                11,
                0,
                29,
                26,
                10,
                41
            ],
            "ProcessingTimes": [
                65,
                75,
                4,
                74,
                30,
                8,
                62,
                53,
                47,
                90
            ],
            "DueDate": 925,
            "TardCosts": 80
        },
        {
            "Id": 20,
            "SetupTimes": [
                20,
                7,
                9,
                5,
                25,
                7,
                2,
                4,
                12,
                21
            ],
            "ProcessingTimes": [
                46,
                72,
                42,
                21,
                75,
                21,
                19,
                9,
                26,
                48
            ],
            "DueDate": 535,
            "TardCosts": 70
        }
    ]
}