{
    "Name": "VFR10_10_10_SIST",
    "nMachines": 10,
    "nJobs": 10,
    "Jobs": [
        {
            "Id": 1,
            "SetupTimes": [
                2,
                36,
                10,
                25,
                8,
                38,
                12,
                21,
                21,
                6
            ],
            "ProcessingTimes": [
                28,
                99,
                63,
                62,
                22,
                80,
                30,
                51,
                53,
                51
            ],
            "DueDate": 576,
            "TardCosts": 90
        },
        {
            "Id": 2,
            "SetupTimes": [
                10,
                4,
                10,
                6,
                18,
                0,
                3,
                1,
                0,
                21
            ],
            "ProcessingTimes": [
                67,
                11,
                53,
                21,
                48,
                1,
                14,
                5,
                2,
                48
            ],
            "DueDate": 365,
            "TardCosts": 150
        },
        {
            "Id": 3,
            "SetupTimes": [
                14,
                6,
                7,
                19,
                6,
                33,
                1,
                13,
                16,
                0
            ],
            "ProcessingTimes": [
                96,
                17,
                21,
                41,
                66,
                83,
                6,
                67,
                55,
                6
            ],
            "DueDate": 605,
            "TardCosts": 130
        },
        {
            "Id": 4,
            "SetupTimes": [
                13,
                32,
                35,
                26,
                20,
                11,
                47,
                5,
                17,
                1
            ],
            "ProcessingTimes": [
                39,
                68,
                98,
                78,
                77,
                96,
                97,
                54,
                88,
                2
            ],
            "DueDate": 1044,
            "TardCosts": 160
        },
        {
            "Id": 5,
            "SetupTimes": [
                15,
                16,
                19,
                7,
                2,
                43,
                5,
                1,
                3,
                10
            ],
            "ProcessingTimes": [
                99,
                86,
                82,
                71,
                4,
                99,
                12,
                19,
                32,
                85
            ],
            "DueDate": 602,
            "TardCosts": 180
        },
        {
            "Id": 6,
            "SetupTimes": [
                8,
                28,
                5,
                3,
                4,
                9,
                7,
                8,
                10,
                0
            ],
            "ProcessingTimes": [
                28,
                81,
                19,
                6,
                38,
                73,
                15,
                44,
                86,
                9
            ],
            "DueDate": 536,
            "TardCosts": 160
        },
        {
            "Id": 7,
            "SetupTimes": [
                1,
                19,
                22,
                10,
                3,
                10,
                37,
                6,
                8,
                7
            ],
            "ProcessingTimes": [
                11,
                64,
                59,
                90,
                12,
                49,
                81,
                33,
                38,
                21
            ],
            "DueDate": 481,
            "TardCosts": 90
        },
        {
            "Id": 8,
            "SetupTimes": [
                13,
                16,
                2,
                13,
                9,
                11,
                3,
                15,
                15,
                9
            ],
            "ProcessingTimes": [
                66,
                47,
                23,
                83,
                23,
                33,
                22,
                32,
                40,
                32
            ],
            "DueDate": 682,
            "TardCosts": 120
        },
        {
            "Id": 9,
            "SetupTimes": [
                11,
                5,
                1,
                23,
                3,
                9,
                1,
                10,
                30,
                17
            ],
            "ProcessingTimes": [
                83,
                18,
                4,
                57,
                20,
                57,
                2,
                84,
                75,
                44
            ],
            "DueDate": 597,
            "TardCosts": 140
        },
        {
            "Id": 10,
            "SetupTimes": [
                10,
                23,
                1,
                35,
                5,
                10,
                7,
                13,
                9,
                18
            ],
            "ProcessingTimes": [
                51,
                82,
                14,
                78,
                17,
                20,
                33,
                36,
                36,
                55
            ],
            "DueDate": 567,
            "TardCosts": 170
        }
    ]
}