{
  "0": {
    "width": 6,
    "height": 6
  },
  "1": {
    "width": 7,
    "height": 10
  },
  "2": {
    "width": 9,
    "height": 6
  },
  "3": {
    "width": 7,
    "height": 10
  },
  "4": {
    "width": 5,
    "height": 11
  },
  "5": {
    "width": 10,
    "height": 10
  },
  "6": {
    "width": 10,
    "height": 13
  },
  "7": {
    "width": 8,
    "height": 6
  },
  "8": {
    "width": 8,
    "height": 7
  },
  "9": {
    "width": 9,
    "height": 10
  }
}