{
    "Name": "InputFlowshopSIST",
    "nMachines": 5,
    "nJobs": 11,
    "Jobs": [
        {
            "Id": 1,
            "SetupTimes": [
                15,
                18,
                27,
                22,
                28
            ],
            "ProcessingTimes": [
                375,
                12,
                142,
                245,
                412
            ],
            "DueDate": 1779,
            "TardCosts": 200
        },
        {
            "Id": 2,
            "SetupTimes": [
                45,
                44,
                27,
                49,
                37
            ],
            "ProcessingTimes": [
                632,
                452,
                758,
                278,
                398
            ],
            "DueDate": 3777,
            "TardCosts": 200
        },
        {
            "Id": 3,
            "SetupTimes": [
                49,
                51,
                30,
                23,
                37
            ],
            "ProcessingTimes": [
                12,
                876,
                124,
                534,
                765
            ],
            "DueDate": 3466,
            "TardCosts": 200
        },
        {
            "Id": 4,
            "SetupTimes": [
                17,
                32,
                47,
                30,
                45
            ],
            "ProcessingTimes": [
                460,
                542,
                523,
                120,
                499
            ],
            "DueDate": 3216,
            "TardCosts": 200
        },
        {
            "Id": 5,
            "SetupTimes": [
                27,
                46,
                29,
                15,
                31
            ],
            "ProcessingTimes": [
                528,
                101,
                789,
                124,
                999
            ],
            "DueDate": 3812,
            "TardCosts": 200
        },
        {
            "Id": 6,
            "SetupTimes": [
                55,
                27,
                48,
                29,
                20
            ],
            "ProcessingTimes": [
                796,
                245,
                632,
                375,
                123
            ],
            "DueDate": 3256,
            "TardCosts": 200
        },
        {
            "Id": 7,
            "SetupTimes": [
                58,
                48,
                49,
                44,
                51
            ],
            "ProcessingTimes": [
                532,
                230,
                543,
                896,
                452
            ],
            "DueDate": 3980,
            "TardCosts": 200
        },
        {
            "Id": 8,
            "SetupTimes": [
                22,
                22,
                29,
                57,
                56
            ],
            "ProcessingTimes": [
                14,
                124,
                214,
                543,
                785
            ],
            "DueDate": 2520,
            "TardCosts": 200
        },
        {
            "Id": 9,
            "SetupTimes": [
                37,
                49,
                41,
                56,
                37
            ],
            "ProcessingTimes": [
                257,
                527,
                753,
                210,
                463
            ],
            "DueDate": 3315,
            "TardCosts": 200
        },
        {
            "Id": 10,
            "SetupTimes": [
                58,
                19,
                19,
                19,
                24
            ],
            "ProcessingTimes": [
                896,
                896,
                214,
                258,
                259
            ],
            "DueDate": 3784,
            "TardCosts": 200
        },
        {
            "Id": 11,
            "SetupTimes": [
                30,
                52,
                31,
                32,
                37
            ],
            "ProcessingTimes": [
                532,
                302,
                501,
                765,
                988
            ],
            "DueDate": 4632,
            "TardCosts": 200
        }
    ]
}